"rsp_id","rsp_nama","rsp_desc","rsp_bhn","rsp_tag","rsp_bahan","rsp_step","rsp_link"
1,"Telur Ceplok","Telur mata sapi adalah hidangan dari telur ayam yang digoreng dengan minyak goreng panas tanpa diaduk terlebih dahulu. Di Indonesia, makanan ini dikenal dengan telur ceplok.","Telur, Garam","[Telur, Garam]","1 Telur ayam
Sedikit garam
","1. Siapkan wajan teflon antilengket. Beri sedikit minyak yang cukup melapisi bagian bagian bawah telur. 
2. Panaskan minyak dengan api kecil. Pastikan minyak mengilap. Pecahkan telur langsung ke atas wajan dan beri sedikit garam. 
3. Perhatikan pinggiran putih telur. Apabila sudah mulai pekat ata agak kecoklatan, percikkan beberapa tetes air ke sekitar telur. Tutup wajan secara rapat. 
4. Biarkan telur masak selama 20-30 detik. Pada proses ini, putih telur mulai matang dan mengembang. Putih telur masih terlihat mengilap dan sedikit encer. 
5. Matikan kompor. Taruh telur ceplok ke atas piring saji secara perlahan. Nikmati telur ceplok.","https://i.pinimg.com/originals/0e/05/d0/0e05d0f3a6f6411ac154a0c5e1a8b6c7.jpg"
2,"Nasi Goreng Kampung","Nasi goreng kampung jadi masakan rumahan paling disukai keluarga. Rasanya yang gurih enak dan cara membuatnya sederhana. Berikut ini resep nasi goreng kampung dan tips memasaknya! Nasi goreng punya beragam paduan isi dan bumbu. Salah satu nasi goreng yang populer adalah nasi goreng kampung. Disebut kampung karena bahan dan bumbunya sederhana.","Nasi, Minyak sayur, Kecap Manis, Telur, Kaldu bubuk, Merica bubuk, Bawah merah, Bawang putih, cabai merah","[Nasi, Minyak sayur, Kecap Manis, Telur, Kaldu bubuk, Merica bubuk, Bawah merah, Bawang putih, cabai merah]","500 g nasi
3 sdm minyak sayur
3 sdm kecap manis
2 butir telur ayam
1 sdm kaldu bubuk
1/2 sdt merica bubuk
5 butir bawang merah
3 siung bawang putih
3 buah cabai merah
2 sdt terasi goreng
2 sdt garam","1. Haluskan bawah merah, bawang putih, cabai merah, dan garam menggunakan blender atau ulekan
2. Panaskan minyak di wajan, lalu tumis bumbu yang sudah dihaluskan hingga wangi
3. Pecahkan telur kedalam mangkok dan aduk hingga rata
4. Tuangkan telur ke dalam wajan. Aduk hingga rata
5. Masukkan nasi, kaldu bubuk, kecap manis, dan merica ke dalam wajan
6. Aduk hingga semua bahan tercampur rata dan sedikit kering
7. Angkat masakkan lalu sajikan di atas piring
","https://akcdn.detik.net.id/community/media/visual/2018/06/27/64fca999-944c-4dd5-90e6-e1f17fc7c5b4_43.jpeg?w=480"
3,"French Toast Roll (Roti Bakar Manis)","French toast merupakan resep roti panggang ala Prancis. French toast memiliki tekstur garing dengan rasa manis, sehingga cocok jika dijadikan menu sarapan di pagi hari. Biasanya, roti panggang klasik ini disajikan bersama dengan sirup maple dan butter. Namun, kami akan memberikanmu menu berbeda, nih! Resep french toast berikut ini menggunakan strawberry dan selai coklat yang membuat menu satu ini memiliki perpaduan rasa manis dan segar.","Roti tawar, Strawberry, Selai coklat, Telur ayam, Susu cair, Margarin","[Roti tawar, Strawberry, Selai coklat, Telur ayam, Susu cair, Margarin]","3 lembar roti tawar kupas
6 buah strawberry, iris tipis
Selai coklat, secukupnya
1 butir telur
2 sdm susu cair
Margarin, secukupnya","1. Pipihkan seluruh roti tawar hingga bentuknya sedikit tipis
2. Oleskan selai coklat. Kemudian, taruh strawberry yang telah dipotong secara memanjang. Gulung roti hingga berbentuk roll.
3. Campurkan telur dengan susu cair, kocok hingga merata. Kemudian, celupkan roti ke dalam telur
4. Panaskan telfon dengan margarin. Panggang roti hingga berwarna kecoklatan.
5. Angkat dan sajikan roti 
","https://blog.cove.id/content/images/2022/09/strawberry-choco-french-toast-roll.webp"
4,"Roti Bakar Kornet","Menu ini cocok buat kamu para pecinta kornet. Dengan resep ini, kamu bisa tetap menikmati makanan lezat meski hanya menggunakan bahan-bahan sederhana. Semua bahannya bisa kamu dapatkan di minimarket dan supermarket terdekat di area sekitarmu.","Roti tawar, Kornet ayam, Telur ayam, Garam, Keju, Margarin","[Roti tawar, Kornet ayam, Telur ayam, Garam, Keju, Margarin]","2 lembar roti tawar
2 Kornet ayam
2 butir telur
Garam, secukupnya
saos tomat, secukupnya
Keju parut, secukupnya
Margarin, secukupnya

","1. Panaskan margarin di atas teflon. Masukkan kornet dan masak hingga matang. Lalu angkat
2. Pecahkan telur lalu dikocok dengan garam. 
3. Kemudian, taruh selembar roti ke dalam telur dan panggang di atas teflon.
4. Taruh kornet, saos tomat, dan keju parut diatas roti. Tutup kembali dengan lembaran roti yang masih tersisa.
5. Masak hingga seluruh sisi roti kecoklatan.
6. Angkat dan sajikan di piring, roti bakar kornet siap dinikmati.","https://blog.cove.id/content/images/2022/09/roti-bakar-kornet.webp"
5,"Sosis Teriyaki","Mudah didapat dan dikombinasikan dengan bahan lain, sangat wajar jika Anda hampir selalu mengandalkan sosis di saat-saat bingung hendak memasak apa. Olahan daging satu ini punya rasa khas yang super gampang menyatu dengan bahan makanan lain. Anda mungkin sudah punya resep kreasi sosis andalan, tapi sayang rasanya tak mencoba versi sajian ini memakai saos teriyaki. ","Sosis sapi, Bombai, Cabai merah besar, Cabai hijau besar, Bawang putih, Saos teriyaki, Saos tiram, Saos sambal, Kecap manis, Lada bubuk, Margarin","[Sosis sapi, Bombai, Cabai merah besar, Cabai hijau besar, Bawang putih, Saos teriyaki, Saos tiram, Saos sambal, Kecap manis, Lada bubuk, Margarin]","10 buah sosis sapi
1 bombai
3 cabai merah besar
3 cabai hijau besar
2 siung bawang putih
3 sdm saos teriyaki
1 sdm saos tiram
1/2 sdm saos sambal
2 sdm kecap manis (takaran sesuai selera)
1 sdt lada bubuk
1 sdm margarin
Garam secukupnya
","1. Potong sosis menjadi 3 bagian.
2. Cincang bawang putih hingga halus
3. Panaskan teflon menggungkan margarin. Lalu masukkan bawah putih hingga harum
4. Masukkan sosis ke Teflon lalu aduk hingga merata
5. Masukkan segelas air matang, semua saos, lada bubuk, kecap manis, dan garam
6. Setelah air menyusut, masukkan potongan cabai dan bombai
7. Masak hingga cabai dan bombai sampai sedikit layu
8. Angkat masakkan lalu sajikan","https://cdns.klimg.com/merdeka.com/i/w/news/2021/03/19/1286585/content_images/670x335/20210319102613-1-resep-masakan-sosis-super-mudah-006-mutia-anggraini.jpg"
6,"Bakso Manis Pedas","Bakso memang salah satu makanan yang sangat digemari masyarakat Indonesia. Tidak heran, banyak kreasi bakso diciptakan untuk memanjakan lidah para penggemarnya. Apalagi dalam cuaca sedang hujan, makan bakso dengan sambal memang menggoyang lidah. Tapi, daripada kita harus keluar rumah hanya untuk membeli bakso, coba bikin saja dengan citra rasa pedes tapi manis.","Bakso, Bawang bombai, saos sambal, Kecap manis, saos tiram, Jeruk nipis, Garam, Gula, Air, Margarin","[Bakso, Bawang bombai, saos sambal, Kecap manis, saos tiram, Jeruk nipis, Garam, Gula, Air, Margarin]","300 gram bakso
1 buah bawang bombai, cincang-cincang
4 sdm saos sambal
2 sdm kecap manis
2 sdm saos tiram
5 buah jeruk nipis
Garam, secukupnya
Gula secukupnya
200 ml air
2 sdm margarine
10 buah cabai rawit atau sesuai selera
4 siung bawang putih","1. Haluskan cabang dan bawang putih
2. Panaskan margarin lalu tumis bumbu dan bawang bombai
3. Masak sampai harum. Lalu masukkan bakso
4. Masukkan saos sambal, saos tiram, kecap manis, dan air jeruk nipis. Lalu masukkan air
5. Masak air sampai menyusun. Lalu masukkan gula dan garam
6. Masak hingga air habis. Angkat dan sajikan","https://cdn-brilio-net.akamaized.net/webp/news/2019/12/18/175815/1144010-1000xauto-resep-masakan-sederhana-anak-kos.jpg"
7,"Oseng sawi putih jagung manis","Resep Tumis Sawi Putih Jagung adalah sajian anti repot yang cocok untuk disajikan sebagai menu pelengkap makan malam. Rasa yang gurih dan mudah dibuat, membuat Resep Tumis Sawi Putih Jagung ini jadi salah satu menu yang digemari.","Sawi putih, Jagung manis, Bawang putih, Cabai, Garam, Gula, Kaldu, Air","[Sawi putih, Jagung manis, Bawang putih, Cabai, Garam, Gula, Kaldu, Air]","1 buah/bonggol sawi putih potong-potong
1 buah jagung manis
3 siung bawang putih cincang
Cabai, secukupnya
Garam, secukupnya
Gula, secukupnya
Kaldu, secukupnya
Air, secukupnya","1. Cincang bawang putih. Lalu, tumis sampai harum
2. Masukkan cabai uleg, jagung, dan air
3. Tunggu sampai jagung empuk/cukup matang
4. Masukkan sawi putih, tambah garam gula dan kaldu bubuk
5. Aduk rata tunggu sawi layu, matikan kompor
6. Sajikan pada mangkuk.","https://cdn-brilio-net.akamaized.net/webp/news/2019/12/18/175815/1144016-1000xauto-resep-masakan-sederhana-anak-kos.jpg"
8,"Mie Gulung Sosis","Sosis nggak cuma bisa jadi lauk simpel. Makanan olahan berbahan dasar ayam dan daging sapi ini juga bisa dibuat jadi beragam camilan. Salah satu kreasi camilan dari sosis adalah sosis gulung mi. Camilan simpel satu ini cuma butuh 2 sampai 3 bahan, lho. Cara bikinnya juga gampang banget. Nggak cuma cocok jadi camilan buat keluarg","Mie instan, Sosis, Minyak sayur, Air","[Mie instan, Sosis, Minyak sayur, Air]","2 bungkus mi instan
5 buah sosis
Minyak sayur, secukupnya
Air untuk merebus","1. Didihkan air, rebus mi hingga matang, angkat
2. Campur mi dengan bumbunya, aduk rata, sisihkan
3. Potong sosis menjadi 2 bagian dan kerat ujungnya
4. Ambil secukupnya mi kemudian gulungkan ke sosis, lakukan sampai habis
5. Panaskan minyak, kemudian goreng hingga matang dan angkat
6. Sajikan dengan saos sambal atau tomat.","https://cdn-brilio-net.akamaized.net/webp/news/2019/12/18/175815/1144022-resep-masakan-sederhana-anak-kos.jpg"
9,"Takoyaki mi","Pencinta mi instan pasti gak akan melewatkan kreasi makanan yang satu ini. Supaya makan mi instan jadi lebih enak, kamu bisa mengolahnya menjadi takoyaki. Jika biasanya diisi dengan potongan daging gurita, kali ini kamu bisa mengisi takoyaki sesuai selera. Cara membuatnya cukup mudah dan bahan-bahannya pun ekonomis.","Mie instan, Telur ayam, Tepung terigu, Susu cair, Wortel, Smoked beef, Daun bawang, Garam, Lada bubuk, Kaldu bubuk","[Mie instan, Telur ayam, Tepung terigu, Susu cair, Wortel, Smoked beef, Daun bawang, Garam, Lada bubuk, Kaldu bubuk]","1/2 bungkus mi
3 butir telur, kocok lepas
2 sdm tepung terigu
4 sdm susu cair
1/2 bagian wortel, rebus sebentar, iris halus
1 buah smocked beef, iris halus
1 batang daun bawang, iris halus
Garam, secukupnya
Lada, secukupnya 
Kaldu bubuk, secukupnya","1. Rebus matang mi, tiriskan dan sisihkan
2. Larutkan tepung terigu dengan susu cair, aduk sampai tidak bergerindil
3. Masukkan telur, smocked beef, daun bawang, garam, lada, kaldu, telur, dan mie, aduk rata
4. Tuang kedalam cetakan takoyaki, masak sampai matang dengan api kecil dan pan ditutup.","https://cdn-brilio-net.akamaized.net/webp/news/2019/12/18/175815/1144023-1000xauto-resep-masakan-sederhana-anak-kos.jpg"
10,"Pisang Goreng","Pisang goreng sangat banyak variannya. Ada yang digoreng tanpa adonan tepung, ada juga yang berlapis adonan tepung. Agar lebih renyah rasanya. Lapisan tepungnya ada yang kering dan ada juga yang kental. Semuanya bisa dipilih sesuai selera. Untuk lapisan tepung kering sekarang sedang tren. Ditambah taburan cokelat atau keju parut dan bubuk.","Pisang kepok, Minyak goreng, Tepung terigu, Tepung maizena, Soda kue, Vanili bubuk, Garam","[Pisang kepok, Minyak goreng, Tepung terigu, Tepung maizena, Soda kue, Vanili bubuk, Garam]","10 buah pisang kepok kuning
Minyak goreng
400 g tepung terigu
3 sdm tepung maizena
1 sdt soda Kue
1 sdt vanili bubuk
1/2 sdt garam","1. Kupas pisang lalu belah masing-masing menjadi dua dan sisihkan.
2. Adonan Tepung Kering: Taruh semua bahan dalam wadah sedang. Aduk hingga tercampur rata.
3. Siapkan baskom sedang dengan wadah berlubang atau saringan di dalamnya lalu beri air es hingga 3/4 penuh.
4. Gulingkan tiap potongan pisang dalam campuran tepung. Sedikit tekan hingga terbalut rata.
5. Taruh dalam saringan di dalam wadah berisi air es. Lakukan hingga bahan habis.
6. Tiriskan pisang, gulingkan lagi dalam campuran tepung kering sambil balik-balik hingga terbentuk adonan 'keriting' pada pisang.
7. Lakukan yang sama hingga seluruh pisang habis.
8. Panaskan minyak banyak di atas api sedang. Goreng pisang keriting hingga kering dan kuning kecokelatan warnanya.
9. Angkat dan tiriskan.
","https://akcdn.detik.net.id/community/media/visual/2022/06/28/resep-pisang-goreng-keriting_43.jpeg?w=700&q=90"
11,"Nasi Gila","Makan nasi ini ngga bikin kamu gila beneran, kok. Serius.","Nasi, Telur, Bakso, Sosis, Bawang Putih, Bawang Merah, Garam, Kecap Manis","[Nasi, Telur, Bakso, Sosis, Bawang Putih, Bawang Merah, Garam, Kecap Manis]","3 siung bawang putih, cincang
5 buah bakso sapi, iris
2 batang sosis, iris
2 buah telur ayam, kocok
50 gram kol, iris
3 sdm kecap manis
1 sdt garam
100 ml air
","1. Tumis bawang putih hingga harum
2. Masukkan bakso dan sosis, lalu masak hingga matang
3. Masukkan telur kocok, lalu orak arik
4. Masukkan garam, kecap manis, dan air
5. Aduk hingga matang
6. Sajikan dengan nasi hangat

","https://cdn.idntimes.com/content-images/post/20190920/nasi-gila-9dd4e3fb83a8e36d1e2015ce236def7d.jpg"
12,"Omelet Mie","Telur dadar, cuma ditambah mie aja.","Telur, Mie Instan","[Telur, Mie Instan]","1 buah telur
1 bungkus mie instan","1. Masak mie instan seperti biasa
2. Tiriskan mie instan
3. Campurkan mie instan dengan telur dan bumbu mie instan
4. Ratakan di wajan anti lengket yang telah diberi sedikit minyak
5. Goreng hingga matang
","https://img-global.cpcdn.com/recipes/4c497a2fb3af4c77/640x640sq70/photo.webp"
13,"Orek Tempe Kecap","Resep paling umum buat ngolah tempe","Tempe, Bawang putih, cabai merah, cabai hijau, Kecap manis, garam","[Tempe, Bawang putih, cabai merah, cabai hijau, Kecap manis, garam]","1 papan tempe, dipotong kotak-kotak
4 siung bawang putih, cincang
2 cabai merah, potong kecil
1 cabai hijau, potong kecil
2 sdm kecap manis
Garam secukupnya","1. Tumis bawang putih hingga harum
2. Masukkan tempe, cabai merah, cabai hijau,dan kecap manis
3. Masukkan air dan garam secukupnya lalu koreksi rasa
4. Masak hingga air menyusut, lalu sajikan
","https://img-global.cpcdn.com/steps/ca37dd24e391e044/640x640sq70/photo.webp"
14,"Sambel Terong","Resep sambel terong khas Chef Devina","Terong, Bawang Putih, cabai merah, garam, gula","[Terong, Bawang Putih, cabai merah, garam, gula]","3 buah terong
2 siung bawang putih, cincang
5 cabai merah, potong kecil
Garam dan gula secukupnya
","1. Cuci dan potong terong bentuk bebas
2. Kukus terong selama 7 menit
3. Membuat sambal dengan mengulek cabai, bawang putih, gula, dan garam
4. Panaskan minyak, lalu tuang ke hasil ulekan
5. Suwir terong lalu campurkan dengan sambal
6. Siap disajikan
","https://img-global.cpcdn.com/recipes/ad948fe4c96a7b9c/680x482cq70/masakan-anak-kos-sambel-terong-chef-devina-foto-resep-utama.webp"
15,"Tumis Bayam Saos Tiram","Resep tumis sayuran mudah dan murah ala anak kost","Bayam, Bawang Putih, cabai merah, saos tiram, kecap manis, garam","[Bayam, Bawang Putih, cabai merah, saos tiram, kecap manis, garam]","1 ikat bayam, cuci bersih
1 siung bawang putih
1 cabai merah, potong kecil
2 sdm Saos tiram
Kecap manis
Garam","1. Tumis bawang putih dan cabai merah hingga harum
2. Masukkan bayam lalu tumis
3. Tambahkan air dan garam secukupnya
4. Tambahkan saos tiram dan kecap manis
5. Masak hingga bayam sedikit layu, lalu sajikan
","https://img-global.cpcdn.com/steps/862876a6af64d649/160x128cq70/masakan-anak-kos-tumis-bayam-saos-tiram-langkah-memasak-7-foto.webp"
16,"Tumis Kangkung","Tak sampai 15 menit, resep masakan praktis anak kos ini perlu dicoba!

Tumis kangkung dapat dinikmati dengan nasi hangat dan ayam goreng.","Kangkung, Bawang merah, bawang putih, cabai merah, saos tiram, garam","[Kangkung, Bawang merah, bawang putih, cabai merah, saos tiram, garam]","½ ikat kangkung, cuci bersih
3 siung bawang merah, potong tipis
2 siung bawang putih, potong tipis
cabai merah, potong tipis
Saos tiram
Garam ","1. Panaskan sedikit minyak, lalu tumis bawang merah dan bawang putih hingga harum
2. Masukkan kangkung dan cabai merah, tumis sejenak sambil ditambahkan air
3. Tambahkan garam, dan saos tiram secukupnya
4. Tumis hingga kangkung layu, lalu sajikan
","https://cdn-cas.orami.co.id/parenting/images/Tumis_Kangkung.width-800.png"
17,"Tahu cabai Garam","Meski terdengar sederhana, sajian ‘masak cabai garam’ ini cukup populer dan sudah dipadukan dengan aneka bahan makanan. ","Tahu, tepung serba guna, cabai merah, bawang putih, garam","[Tahu, tepung serba guna, cabai merah, bawang putih, garam]","5 buah tahu, potong kotak kecil
Tepung serba guna
1 cabai merah, potong kecil
2 siung bawang putih, potong kecil
Garam","1. Balurkan tepung instan ke tahu hingga merata
2. Panaskan minyak, lalu goreng tahu hingga matang keemasan, lalu angkat dan tiriskan
3. Tumis bawang putih hingga harum, lalu masukkan cabai dan garam
4. Masukkan tahu yang telah digoreng, aduk hingga merata, lalu masak sebentar
5. Siap disajikan
","https://i0.wp.com/resepkoki.id/wp-content/uploads/2019/11/IMG_1306.jpg?fit=600%2C334&ssl=1"
18,"Pisang Kukus Rice Cooker","Jangan ngaku anak kos kalau belum memasak menggunakan rice cooker.

Yuk, coba resep masakan praktis anak kos ini yang praktis banget!","Pisang Kepok","[Pisang Kepok]","Pisang kepok sesuai selera","1. Cuci pisang yang belum dikupas hingga bersih
2. Masukkan air sebanyak setengah panci rice cooker
3. Pasang pengukus dan masukkan pisang kepok
4. Tutup dan kukus selama kurang lebih 15 menit
5. Sajikan selagi hangat
","https://1.bp.blogspot.com/-LwrXqCKxL9w/YFTrgRk3M_I/AAAAAAAAQ8I/gtT3XPrE-OEoXZ6dZmerbLsJtuz9-EBrACLcBGAsYHQ/w400-h300/pisang-kukus-sederhana-07.jpg"
19,"Sayur Bening Bayam","Resep sayur bayam simple ala anak kos, mudah, murah dan menyehatkan.","Bayam, Jagung, Bawang merah, bawang putih, garam, gula, lada","[Bayam, Jagung, Bawang merah, bawang putih, garam, gula, lada]","1 ikat bayam, cuci bersih
1 buah jagung, pipil
3 siung bawang merah, iris tipis
2 siung bawang putih, iris tipis
Garam secukupnya
Gula secukupnya
Lada secukupnya
air secukupnya
","1. Tumis bawang merah dan bawang putih hingga harum
2. Tambahkan air dan jagung
3. Masukkan garam, gula, dan lada. Lalu koreksi rasa
4. Masukkan daun bayam, aduk sebentar dan siap untuk disajikan
","https://cdn.yummy.co.id/content-images/images/20220506/jFCIRLbWiHV5YlsR8yatBINjKa3YP2nR-31363531383234393533d41d8cd98f00b204e9800998ecf8427e.jpg?x-oss-process=image/resize,w_800,h_800,m_fixed"
20,"Cireng ","Cireng adalah singkatan dari aci digoreng. Karena jajanan ini memakai bahan utama tepung maizena dengan campuran sedikit tepung terigu dan bumbu bawang putih. Saat digoreng permukaannya jadi garing dan renyah.","Tepung maizena, tepung terigu, bawang putih, garam, lada","[Tepung maizena, tepung terigu, bawang putih, garam, lada]","250 gr tepung maizena
50 gr tepung terigu
2 siung bawang putih, ihaluskan
1½ sdt Garam
½ sdt Lada","1. Campurkan tepung maizena dan tepung terigu
2. Tambahkan bawang putih, lada, dan garam
3. Tuang air panas sedikit demi sedikit sambil diuleni hingga kalis
4. Bentuk adonan sesuai selera. Bisa bundar pipih
5. Goreng cireng dalam minyak panas hingga matang dan kering rata
6. Sajikan selagi hangat
","https://akcdn.detik.net.id/community/media/visual/2020/05/03/c856a0e3-4678-4130-aaeb-40da57924707.jpeg?w=1254"
21,"Jamur Crispy","Jamur tiram sangat umum ditemui dan dikonsumsi. Salah satu cara untuk mengolah jamur tiram adalah dengan digoreng bersama tepung. Simak resepnya di bawah ini!","Jamur, tepung serba guna, tepung maizena, bawang putih, merica bubuk, garam, kaldu bubuk","[Jamur, tepung serba guna, tepung maizena, bawang putih, merica bubuk, garam, kaldu bubuk]","Jamur tiram
250 gr tepung serba guna
3 sdm tepung maizena

Bumbu:
4 siung bawang putih (haluskan)
1 sdt merica bubuk
1 sdt garam
1 sdt kaldu bubuk","1. Cuci bersih jamur (peras sampai airnya hilang)
2. Masukkan bumbu ke dalam wadah yang berisi jamur (aduk-aduk hingga merata), kemudian marinasi sampai 10 menit
3. Masukkan jamur ke dalam tepung kering (mix tepung serba guna dan maizena) balut hingga merata
4. Goreng jamur hingga golden brown
5. Sajikan dengan saos tomat atau cabai.","https://s2.bukalapak.com/uploads/content_attachment/2a22392240e8d762f68e05c5/w-744/resep_jamur_krispi_2.jpg"
22,"Orak-arik sayur","Telur orak-arik adalah makanan yang terbuat dari telur diaduk atau dikocok bersama dalam wajan atau penggorengan saat dipanaskan dengan lembut, biasanya ditambahkan garam, mentega, dan bahan lainnya yang bervariasi. ","Telur, Wortel, Bakso, Garam, saos Tiram, Gula, Merica Bubuk, Kaldu bubuk, Bawang Bombai, Bawang Putih, Cabai","[Telur, Wortel, Bakso, Garam, saos Tiram, Gula, Merica Bubuk, Kaldu bubuk, Bawang Bombai, Bawang Putih, Cabai]","Telur
Wortel (potong dadu)
Bakso (potong sesuai selera)
Garam secukupnya, saori saos tiram, gula pasir, merica bubuk dan kaldu bubuk

Bumbu iris:
1/2 bawang bombai potong besar
3 siung bawang putih
6 cabai rawit merah","1. Goreng bakso sisihkan
2. Goreng telur kemudian orak arik
3. Tumis bumbu yang sudah diiris sampai harum dan layu
4. Masukkan semua bahan aduk-aduk sampai rata dan jangan lupa tambahkan sedikit air
5. Masukkan garam, gula, merica bubuk, saori dan kaldu bubuk. Aduk sampai merata. Koreaksi rasa
6. Angkat dan sajikan.","https://th.bing.com/th/id/R.affd316a69b5706a9558f26442db123b?rik=PFciSXW%2fGmPncw&riu=http%3a%2f%2f1.bp.blogspot.com%2f-A-xmRbLsiCc%2fU5fsz_zZ47I%2fAAAAAAAABe0%2f78w1mFHfcI4%2fs1600%2forakariksayurtelurasin2.jpg&ehk=rIQ%2fcZs7BTt2S3pgS4Fz7JQbDP8i%2bPBV1x7vRJ9Iz%2b0%3d&risl=&pid=ImgRaw&r=0"
23,"Bayam Ayam","Bayam memiliki kandungan vitamin K yang berperan penting dalam meningkatkan penyerapan kalsium, sehingga dapat membantu menjaga kesehatan tulang. Selain itu, mengonsumsi bayam secara rutin dan teratur juga efektif menurunkan risiko patah tulang.","Bayam, Ayam, Garam, Merica, Kaldu Bubuk, Bawang Merah, Bawang Putih","[Bayam, Ayam, Garam, Merica, Kaldu Bubuk, Bawang Merah, Bawang Putih]","2 ikat bayam, siangi daunnya
150 gr dada ayam (potong dadu)
Garam, merica, dan kaldu bubuk
Air secukupnya
1 siung bawang putih, iris
2 buah bawang merah, iris","1. Didihkan air di panci, masukkan ayam, bawang merah, dan bawang putih.
2. Tambahkan garam, merica, kaldu bubuk
3. Masukkan bayam masak hingga sayuran matang (balik sesekali saja).
4. Koreksi rasa. Sajikan hangat.","https://images.unsplash.com/photo-1558722199-56eabc94fb69?ixlib=rb-1.2.1&ixid=MnwxMjA3fDB8MHxwaG90by1wYWdlfHx8fGVufDB8fHx8&auto=format&fit=crop&w=1469&q=80"
24,"Sup Tahu","Tahu adalah salah satu produk olahan yang memiliki banyak manfaat bagi kesehatan. Harganya yang tergolong murah dan mudah ditemukan dimana-mana, siapa sangka bisa diolah menjadi masakan yang berkelas nan lezat. Tidak hanya digoreng, tahu juga dapat diolah menjadi sup yang sangat direkomendasikan untuk kamu yang sedang sakit.","Tahu, Telur, Wortel, Bayam, Bawang Putih Bubuk, Seledri, Kaldu Bubuk, Garam, Gula","[Tahu, Telur, Wortel, Bayam, Bawang Putih Bubuk, Seledri, Kaldu Bubuk, Garam, Gula]","2 buah tahu putih, potong dadu
1 butir telur kocok 
1 batang wortel
bayam secukupnya, potong
bawang putih bubuk secukupnya 
daun seledri secukupnya, iris
kaldu ayam secukupnya
garam secukupnya 
gula pasir secukupnya 
air secukupnya ","1. Panaskan air di dalam panci hingga mendidih. 
2. Masukkan wortel dan telur kocok, masak sebentar. 
3. Masukkan potongan tahu, bayam, bawang putih, dan daun seledri.
4. Beri bawang putih bubuk, garam, gula pasir, dan kaldu ayam. Aduk hingga tercampur rata. 
5. Masak sup tahu hingga matang.
6. Sup tahu siap dihidangkan. ","https://img-global.cpcdn.com/recipes/aeb8778f4ea19ea2/1200x630cq70/photo.jpg"
25,"Chicken Spaghetti","Spaghetti merupakan makanan tradisional di Itali. Spaghetti dibuat dari gandum durum yang digiling (tepung gandum) dan air. Pasta mengandung karbohidrat, bersama dengan beberapa protein, zat besi, serat makanan, potassium, dan vitamin B.","Spaghetti, Ayam, Bawang putih, Bawang Bombay, saos Pasta Instan, Keju","[Spaghetti, Ayam, Bawang putih, Bawang Bombay, saos Pasta Instan, Keju]","150 gr spaghetti 
100 gr daging ayam cincang 
2 siung bawang putih, cincang halus 
½ bagian bawang bombay, iris tipis 
7 sdm saos bolognese instan 
2 sdm keju parut ","1. Rebus spaghetti hingga tingkat kematangan al dente. Angkat lalu tiriskan.
2. Tumis bawang putih dan bawang bombay hingga harum. Kemudian, masukkan daging ayam cincang. Masak hingga matang.
3. Tambahkan saos bolognese instan. Aduk hingga semua merata.
4. Sajikan ayam saos bolognese di atas spaghetti. Berikan taburan keju parut di atasnya. Kamu pun bisa menambahkan daun thyme kering sebagai pemanis.
5. Chicken spaghetti siap untuk disajikan.","https://images.unsplash.com/photo-1615584240522-7fe7ed4dadee?ixlib=rb-1.2.1&ixid=MnwxMjA3fDB8MHxwaG90by1wYWdlfHx8fGVufDB8fHx8&auto=format&fit=crop&w=1450&q=80"
26,"Mie Gulung Sosis","Mie instant, mungkin nama makanan yang sudah tidak asing lagi ditelinga kita. Mie instan biasanya diolah dengan memiliki berbagai macam rasa bumbu, misalnya mie instan dengan rasa ayam bawang, rasa soto, rasa kari ayam dan berbagai jenis rasa yang lainnya. Kali ini, kita dapat membuat variasi baru dari pengolahan mie instan, yaitu Mie Gulung Sosis","Mie Instan, Sosis, Minyak","[Mie Instan, Sosis, Minyak]","2 bungkus mi instan
5 buah sosis
Minyak sayur secukupnya
Air untuk merebus","1. Didihkan air, rebus mi hingga matang, angkat
2. Campur mi dengan bumbunya, aduk rata, sisihkan
3. Potong sosis menjadi 2 bagian dan kerat ujungnya
4. Ambil secukupnya mi kemudian gulungkan ke sosis, lakukan sampai habis
5. Panaskan minyak, kemudian goreng hingga matang dan angkat
6. Sajikan dengan saos sambal atau tomat.","https://th.bing.com/th/id/R.1938c770cd2c45a0373bb19487297125?rik=VXHaM%2bJRMPxUzA&riu=http%3a%2f%2fgrosirmesin.com%2fwp-content%2fuploads%2f2019%2f12%2fMembuat-sosis-gulung-mie-2.jpg&ehk=uq97X3v077fF5gIgzdcoz0rODdPlU4kwSwV7WLUgeJs%3d&risl=&pid=ImgRaw&r=0"
27,"Seblak","Seblak adalah masakan khas Sunda yang dikenal berasal dari wilayah Parahyangan dengan cita rasa gurih dan pedas. Terbuat dari kerupuk basah yang dimasak dengan sayuran dan sumber protein seperti telur, ayam, boga bahari, atau olahan daging sapi, dan dimasak dengan kencur.","Mie Instan, Telur, Sosis, Kerupuk, Garam, Merica bubuk, daun bawang, minyak goreng, cabai rawit, cabai merah, bawang putih, bawang merah, kencur","[Mie Instan, Telur, Sosis, Kerupuk, Garam, Merica bubuk, daun bawang, minyak goreng, cabai rawit, cabai merah, bawang putih, bawang merah, kencur]","Mie instan dari berbagai merek (sebaiknya mie kuah)
1 butir telur
Kerupuk mentah (sebaiknya kerupuk udang)
Penyedap rasa dan garam
Merica bubuk
Daun bawang
Minyak goreng secukupnya
(opsional) Sosis/baso sesuai selera

Bumbu Halus
Cabai rawit sesuai selera
5 cabai merah keriting
3 siung bawang putih
2 siung bawang merah
kencur (sekitar 2cm)","1. Rendam kerupuk menggunakan air mendidih. Tunggu sampai berubah menjadi kenyal
2. Haluskan semua bumbu halus.
3. Panaskan minyak di penggorengan lalu tumis bumbu halus hingga tercium bau wangi.
4. Selanjutnya, tambahkan merica, garam, dan penyedap rasa.
5. Kemudian tuangkan air pada penggorengan dan tunggu hingga mendidih.
6. Masukkan telur dan tunggu hingga matang.
7. Tambahkan irisan daun bawang dan aduk hingga merata.
8. Jangan lupa koreksi rasa untuk memastikan sudah sesuai dengan lidah atau belum
9. Hidangkan pada mangkuk dan nikmati selagi hangat.","https://images.unsplash.com/photo-1645696288939-e59ed5e3cfa2?ixlib=rb-1.2.1&ixid=MnwxMjA3fDB8MHxwaG90by1wYWdlfHx8fGVufDB8fHx8&auto=format&fit=crop&w=1364&q=80"
28,"Tempe Mendoan","Sejak dulu, tempe sudah menjadi makanan khas Indonesia. Salah satu olahan tempe yang sering dijadikan cemilan adalah tempe mendoan. Perpaduan antara renyah dan gurih membuat banyak orang menyukai tempe mendoan. Untuk itu, ngga ada salahnya kamu mencoba resep berikut ini kalau kamu punya tempe dan bingung ingin dimasak apa!","Tempe, Tepung Terigu, Tepung Maizena, Bawang Putih, Bawang Merah, Cabai Rawit, Kucai, Penyedap, Garam","[Tempe, Tepung Terigu, Tepung Maizena, Bawang Putih, Bawang Merah, Cabai Rawit, Kucai, Penyedap, Garam]","150 gram tempe
200 gram tepung terigu
50 gram tepung maizena
4 siung bawang merah
1 siung bawang putih
3 buah cabai rawit
2 sdm kecap manis
1 batang kucai
1 sdt penyedap
garam secukupnya","1. Campurkan tepung terigu dengan tepung maizena, kucai, garam, dan penyedap. Aduk hingga merata.
2. Masukkan pula irisan daun bawang, lalu iris tempe dan celupkan ke dalam adonan hingga terbaluri sempurna.
3. Panaskan minyak di wajan, lalu goreng tempe sampai matang. Segera angkat dan tiriskan.
4. Ulek cabai rawit dengan bawang merah dan bawang putih hingga halus. Tambahkan kecap manis, aduk kembali.
5. Sajikan tempe mendoan yang masih hangat dengan sambal kecap.","https://d12man5gwydfvl.cloudfront.net/wp-content/uploads/2020/04/shutterstock_657671485-1.jpg"
29,"Tahu Pedas Manis","Tahu adalah salah satu produk olahan yang memiliki banyak manfaat bagi kesehatan. Harganya yang tergolong murah dan mudah ditemukan dimana-mana, siapa sangka bisa diolah menjadi masakan yang berkelas nan lezat. Di resep kali ini, kita akan memasak Tahu Pedas Manis yang gurih. Simak resepnya di bawah ini!","Tahu, bawang putih, bawang merah, tomat, merica bubuk, gula, garam, lengkuas, minyak goreng","[Tahu, bawang putih, bawang merah, tomat, merica bubuk, gula, garam, lengkuas, minyak goreng]","2 buah tahu
1 bawang putih
3 siung bawang merah
1 buah tomat
merica bubuk
gula dan garam secukupnya
lengkuas secukupnya
minyak goreng","1. Cuci bersih bawang putih, bawang merah, cabai rawit dan iris tomat.
2. Kupas lengkuas, lalu dicuci dan diiris.
3. Siapkan tahu kemudian potong dengan ukuran sesuai selera. Goreng tahu hingga setengah matang.
4. Masukkan bawang merah, bawang putih, lengkuas, dan cabai rawit. Tumis hingga harum.
5. Tambahkan tomat, merica bubuk dan air secukupnya.
6. Masukkan kecap, gula, dan garam sesuai selera.
7. Tes rasa dan tunggu hingga mendidih. Siap untuk dihidangkan.","https://sweetrip.id/wp-content/uploads/2022/03/resep-oseng-tahu-pedas.jpg"
30,"Bakwan Korea","Pajeon adalah jenis jeon dengan daun bawang sebagai bahan utamanya, karena pa berarti daun bawang. Makanan ini termasuk dalam hidangan Korea, ia terbuat dari campuran telur, tepung terigu, tepung beras, daun bawang, dan bahan-bahan lainnya tergantung pada .jenisnya. Makanan ini mirip dengan bakwan di Indonesia","Wortel, Kol, Telur, Sosis, Daun Bawng, Tepung Bakwan","[Wortel, Kol, Telur, Sosis, Daun Bawng, Tepung Bakwan]","Wortel 1 buah (opsional)
Sayur kol secukupnya (opsional)
1 butir telur
Sosis (opsional)
Daun bawang secukupnya
Tepung bakwan","1. Potong-potong wortel dan kol jadi potongan kecil memanjang.
2. Buat adonan dengan mencampurkan 1 butir telur, 250 gr tepung bakwan dan air secukupnya.
3. Masukkan wortel dan kol yang sudah dipotong ke dalam adonan.
4. Masukkan sosis dan daun bawang.
5. Tuangkan adonan ke atas teflon yang sudah diberi sedikit minyak, masak dan balik hingga matang.
6. Sajikan dengan saos.","https://1.bp.blogspot.com/-_s07j82oleI/WWJ-p2W-kwI/AAAAAAAABwg/NsZO3j6EY_A3Z3NOZ-9HirSmJ1GEfVYEwCLcBGAs/w1200-h630-p-k-no-nu/bakwan-3198.jpg"
